name,address,phone
Harry James Potter, "The Cupboard under the Stairs, 4 Privet Drive, Little Whinging, Surrey, England", 9876543210
Hermione Jean Granger, "12 Grimmauld Place, London, England", 9123456780
Ron Weasley, "The Burrow, Ottery St Catchpole, Devon, England", 9098765432
Albus Percival Wulfric Brian Dumbledore, "Hogwarts Castle, Highlands, Scotland", 9001122334
Minerva McGonagall, "Hogwarts School, Highlands, Scotland", 9988776655
Severus Snape, "Hogwarts Castle, Highlands, Scotland", 9707070707
Sirius Black, "12 Grimmauld Place, London, England", 9856321470
Remus Lupin, "The Shrieking Shack, Hogsmeade, Scotland", 9784512360
Luna Lovegood, "The Lovegood House, Ottery St Catchpole, Devon, England", 9658741230
Draco Malfoy, "Malfoy Manor, Wiltshire, England", 9543219876
Neville Longbottom, "Longbottom Farm, Devon, England", 9432167890
Ginny Weasley, "The Burrow, Ottery St Catchpole, Devon, England",,
Cho Chang, "Hogsmeade, Scotland", 9212345678
Cedric Diggory, "The Diggory House, Little Hangleton, Yorkshire, England", 9109876543
Bellatrix Lestrange, "Malfoy Manor, Wiltshire, England", 9012345678
Rubeus Hagrid, "Rubeus Hagrid's Hut, Hogwarts Grounds, Scotland", 8997654321
Tom Marvolo Riddle, "Gaunt Shack, Little Hangleton, Yorkshire, England", 8877665544
Arthur Weasley, "The Burrow, Ottery St Catchpole, Devon, England", 8765432109
Molly Weasley, "The Burrow, Ottery St Catchpole, Devon, England", 8654321098
Fred Weasley, "The Burrow, Ottery St Catchpole, Devon, England", 8543210987
George Weasley, "The Burrow, Ottery St Catchpole, Devon, England", 8432109876